序号,维度,视频ID,视频标题,YouTube链接,文案标题,文案正文,Doubao分,Gemini分,人工分(4或5),谁对(D/G),备注
1,video_relevance,V11,Splatoon Raiders — Release Date Revealed — Nintendo Switch 2,https://www.youtube.com/watch?v=Jaag4cVKOo8,Squid mechanic on Switch 2 👾,Splatoon Raiders revealed! Play as a squid mechanic on Nintendo Switch 2. Animal charm meets next-gen tech—perfect for you. Watch now.,4,5,,,
2,video_relevance,V01,Sheesha (Official Music Video) | Mitta Ror ft. Swara Verma | Sorab Bedi | Niharika Tiwari,https://www.youtube.com/watch?v=aRNfSqsgrgE,The Viral Sheesha Music Video is Live,"The song that took over the internet now has an official video. Mitta Ror, Sorab Bedi & Niharika Tiwari make it unforgettable. Tap to watch!",4,5,,,
3,video_relevance,V22,If you have potatoes and ground beef… make THIS for dinner!,https://www.youtube.com/watch?v=E4QTpcbV2_A,Game over for boring dinners,"Got potatoes & ground beef? This cheesy, one-pan bake is a total game-changer. Perfect comfort food after grinding levels. 🎮",5,4,,,
4,video_relevance,V11,Splatoon Raiders — Release Date Revealed — Nintendo Switch 2,https://www.youtube.com/watch?v=Jaag4cVKOo8,Switch 2 Tech News: Splatoon Raiders Drops July 23,"A new single-player squid adventure for your Switch 2. Explore Spirhalite Island, splat foes, and hunt treasure. Pre-order today!",4,5,,,
5,video_relevance,V01,Sheesha (Official Music Video) | Mitta Ror ft. Swara Verma | Sorab Bedi | Niharika Tiwari,https://www.youtube.com/watch?v=aRNfSqsgrgE,Viral Hit: Sheesha Official Video,The internet's obsession now has a music video. Watch Sorab Bedi & Niharika Tiwari in the viral sensation 'Sheesha'.,4,5,,,
6,video_relevance,V22,If you have potatoes and ground beef… make THIS for dinner!,https://www.youtube.com/watch?v=E4QTpcbV2_A,Unlock this beef & potato masterpiece 🗝️,"Your pantry staples + a secret ingredient = a golden, cheesy bake that’ll level up your dinner game. Tap to see the recipe.",4,5,,,
7,video_relevance,V01,Sheesha (Official Music Video) | Mitta Ror ft. Swara Verma | Sorab Bedi | Niharika Tiwari,https://www.youtube.com/watch?v=aRNfSqsgrgE,Sheesha: Official Music Video Out Now! 🎶,"Mitta Ror, Swara Verma, Sorab Bedi & Niharika Tiwari star in this colorful video for the viral Punjabi hit. Watch now!",4,5,,,
8,video_relevance,V01,Sheesha (Official Music Video) | Mitta Ror ft. Swara Verma | Sorab Bedi | Niharika Tiwari,https://www.youtube.com/watch?v=aRNfSqsgrgE,The Viral ‘Sheesha’ Gets Its Official Video,"Mitta Ror, Sorab Bedi & Niharika Tiwari unite for the song everyone's been talking about. Watch the full version now.",4,5,,,
9,video_relevance,V11,Splatoon Raiders — Release Date Revealed — Nintendo Switch 2,https://www.youtube.com/watch?v=Jaag4cVKOo8,Splatoon Raiders: Release Date Revealed,"A new solo Splatoon adventure is coming July 23, 2026 to Nintendo Switch 2. Watch the reveal trailer now and see the ink-splatting, treasure-hunting action!",4,5,,,
10,video_relevance,V11,Splatoon Raiders — Release Date Revealed — Nintendo Switch 2,https://www.youtube.com/watch?v=Jaag4cVKOo8,New Splatoon Raiders trailer just dropped,"Splat enemies, hunt treasure, and explore Spirhalite Island solo. The adventure begins July 23 on Nintendo Switch 2. Watch now.",5,4,,,
11,video_relevance,V01,Sheesha (Official Music Video) | Mitta Ror ft. Swara Verma | Sorab Bedi | Niharika Tiwari,https://www.youtube.com/watch?v=aRNfSqsgrgE,Viral hit gets a style-packed video,"Mitta Ror’s ‘Sheesha’ official music video is here, starring Sorab Bedi & Niharika Tiwari. Gorgeous visuals you’ll want to see.",4,5,,,
12,video_relevance,V01,Sheesha (Official Music Video) | Mitta Ror ft. Swara Verma | Sorab Bedi | Niharika Tiwari,https://www.youtube.com/watch?v=aRNfSqsgrgE,Sheesha (Official Video) Out Now,"The viral hit gets a vibrant video with Sorab Bedi and Niharika Tiwari. Catchy beats, stunning style – perfect for your watchlist.",4,5,,,
13,video_relevance,V11,Splatoon Raiders — Release Date Revealed — Nintendo Switch 2,https://www.youtube.com/watch?v=Jaag4cVKOo8,Treasure hunt with Deep Cut in Splatoon Raiders,"The new single-player Splatoon game finally has a release date! Explore Spirhalite Island, splat enemies, and join a trio of musical pirates.",4,5,,,
14,video_relevance,V01,Sheesha (Official Music Video) | Mitta Ror ft. Swara Verma | Sorab Bedi | Niharika Tiwari,https://www.youtube.com/watch?v=aRNfSqsgrgE,Discover the viral Sheesha video,The song everyone's obsessed with now has an official video. Watch Sorab Bedi & Niharika Tiwari in this trending hit.,4,5,,,
15,video_relevance,V11,Splatoon Raiders — Release Date Revealed — Nintendo Switch 2,https://www.youtube.com/watch?v=Jaag4cVKOo8,Splatoon Raiders Release Date Revealed,"The new single-player Splatoon game launches July 23, 2026 on Switch 2. Dive into a treasure-hunting adventure. Pre-order now.",4,5,,,
16,video_relevance,V01,Sheesha (Official Music Video) | Mitta Ror ft. Swara Verma | Sorab Bedi | Niharika Tiwari,https://www.youtube.com/watch?v=aRNfSqsgrgE,Your new pump-up track 🏆,This viral Punjabi beat is perfect for your workout or game day. Watch the Sheesha music video now! 💥,4,2,,,
17,video_relevance,V22,If you have potatoes and ground beef… make THIS for dinner!,https://www.youtube.com/watch?v=E4QTpcbV2_A,Easy cheesy potato & beef bake,"With just potatoes, ground beef, and a creamy secret ingredient, you can make a golden, cheesy dish that everyone will love. Watch now!",5,4,,,
18,video_relevance,V11,Splatoon Raiders — Release Date Revealed — Nintendo Switch 2,https://www.youtube.com/watch?v=Jaag4cVKOo8,Splatoon Raiders: Release Date Revealed,"Nintendo revealed Splatoon Raiders for Switch 2, out July 23, 2026. A new single-player adventure with treasure hunts and ink battles. Watch now.",4,5,,,
19,video_relevance,V01,Sheesha (Official Music Video) | Mitta Ror ft. Swara Verma | Sorab Bedi | Niharika Tiwari,https://www.youtube.com/watch?v=aRNfSqsgrgE,A viral music drop is waiting,"Been a while—catch the official video for “Sheesha,” the viral hit by Mitta Ror ft. Swara Verma.",4,5,,,
20,video_relevance,V01,Sheesha (Official Music Video) | Mitta Ror ft. Swara Verma | Sorab Bedi | Niharika Tiwari,https://www.youtube.com/watch?v=aRNfSqsgrgE,"A viral hit, now in video","Watch the official Sheesha music video with Mitta Ror, Swara Verma, Sorab Bedi & Niharika Tiwari.",4,5,,,
21,video_relevance,V01,Sheesha (Official Music Video) | Mitta Ror ft. Swara Verma | Sorab Bedi | Niharika Tiwari,https://www.youtube.com/watch?v=aRNfSqsgrgE,Try a viral music pick,“Sheesha” gets its official video—Mitta Ror ft. Swara Verma with Sorab Bedi & Niharika Tiwari.,4,5,,,
22,video_relevance,V01,Sheesha (Official Music Video) | Mitta Ror ft. Swara Verma | Sorab Bedi | Niharika Tiwari,https://www.youtube.com/watch?v=aRNfSqsgrgE,Been a while—try a music break,"Watch the official video for viral Indian track “Sheesha,” with Mitta Ror, Swara Verma, Sorab Bedi & Niharika Tiwari.",4,5,,,
23,video_relevance,V17,Why are ships painted red below the waterline?,https://www.youtube.com/watch?v=RC9PPrcyvpQ,Why ship bottoms are red,"Back for a quick explainer: why big ships use red below the waterline—shipworms, copper paint, and loading safety.",4,5,,,
24,video_relevance,V17,Why are ships painted red below the waterline?,https://www.youtube.com/watch?v=RC9PPrcyvpQ,Why ship bottoms are red,"A step-by-step explainer on the anti-fouling paint that helps protect ships from barnacles, shipworms, and ocean damage.",4,5,,,
25,video_relevance,V01,Sheesha (Official Music Video) | Mitta Ror ft. Swara Verma | Sorab Bedi | Niharika Tiwari,https://www.youtube.com/watch?v=aRNfSqsgrgE,Festive looks in Sheesha,"Festive outfit inspo meets a viral hook—watch Sheesha's official video with colorful suits, marigold decor, and romance.",4,5,,,
26,video_relevance,V17,Why are ships painted red below the waterline?,https://www.youtube.com/watch?v=RC9PPrcyvpQ,Why ship bottoms are red,"A quick, step-by-step look at the science and history behind anti-fouling paint below the waterline.",4,5,,,
27,video_relevance,V01,Sheesha (Official Music Video) | Mitta Ror ft. Swara Verma | Sorab Bedi | Niharika Tiwari,https://www.youtube.com/watch?v=aRNfSqsgrgE,A stylish official video for “Sheesha”,"Romantic beats and glam visuals—watch the viral hit with Mitta Ror, Swara Verma, Sorab Bedi & Niharika Tiwari.",4,5,,,
28,video_relevance,V01,Sheesha (Official Music Video) | Mitta Ror ft. Swara Verma | Sorab Bedi | Niharika Tiwari,https://www.youtube.com/watch?v=aRNfSqsgrgE,A quick music detour?,"Take a break from sports: the viral hit “Sheesha” now has its official video with Mitta Ror, Sorab Bedi & Niharika Tiwari.",4,5,,,
29,video_relevance,V17,Why are ships painted red below the waterline?,https://www.youtube.com/watch?v=RC9PPrcyvpQ,Ever notice red ship bottoms?,"A quick, clear explainer on the paint that keeps barnacles and shipworms from damaging massive cargo ships.",4,5,,,
30,video_relevance,V01,Sheesha (Official Music Video) | Mitta Ror ft. Swara Verma | Sorab Bedi | Niharika Tiwari,https://www.youtube.com/watch?v=aRNfSqsgrgE,Take a music timeout,"Try a quick break from sports: the viral “Sheesha” official video brings a catchy hook, stylish looks, and dance-ready energy.",4,5,,,
31,video_relevance,V01,Sheesha (Official Music Video) | Mitta Ror ft. Swara Verma | Sorab Bedi | Niharika Tiwari,https://www.youtube.com/watch?v=aRNfSqsgrgE,Try a new vibe today,"After the sports scroll, switch pace with “Sheesha”: a vibrant Indian music video full of festive colors, courtyard scenes, and romance.",4,5,,,
32,video_relevance,V01,Sheesha (Official Music Video) | Mitta Ror ft. Swara Verma | Sorab Bedi | Niharika Tiwari,https://www.youtube.com/watch?v=aRNfSqsgrgE,The viral hit is here 🎵,Millions already watched the official 'Sheesha' video. See why this song took over the internet—your next favorite track is waiting.,4,5,,,
33,video_relevance,V01,Sheesha (Official Music Video) | Mitta Ror ft. Swara Verma | Sorab Bedi | Niharika Tiwari,https://www.youtube.com/watch?v=aRNfSqsgrgE,The viral hit just got bigger 🎵,You missed this: the internet's favorite song now has an official video. See why everyone's still watching 2 years later.,4,5,,,
34,video_relevance,V01,Sheesha (Official Music Video) | Mitta Ror ft. Swara Verma | Sorab Bedi | Niharika Tiwari,https://www.youtube.com/watch?v=aRNfSqsgrgE,The viral hit everyone's watching 🔥,Sheesha — the song that took over the internet now has an official video. See what millions are talking about.,4,5,,,
35,video_relevance,V17,Why are ships painted red below the waterline?,https://www.youtube.com/watch?v=RC9PPrcyvpQ,Why ships are red underneath,"You’ve seen it a million times, but never wondered why. The real reason involves shipworms, copper, and a 500-year-old secret.",5,4,,,
36,video_relevance,V01,Sheesha (Official Music Video) | Mitta Ror ft. Swara Verma | Sorab Bedi | Niharika Tiwari,https://www.youtube.com/watch?v=aRNfSqsgrgE,Sheesha — viral hit is here 🔥,"The song everyone's been waiting for. Watch the official video with Mitta Ror, Sorab Bedi & Niharika Tiwari.",4,5,,,
37,video_relevance,V17,Why are ships painted red below the waterline?,https://www.youtube.com/watch?v=RC9PPrcyvpQ,Why ships are red below the waterline,"The real reason involves shipworms, barnacles, and a chemical trick that's been used for centuries. Quick explainer — no fluff, just facts.",4,5,,,
38,video_relevance,V01,Sheesha (Official Music Video) | Mitta Ror ft. Swara Verma | Sorab Bedi | Niharika Tiwari,https://www.youtube.com/watch?v=aRNfSqsgrgE,Viral hit Sheesha drops official video,"The internet demanded it—Mitta Ror, Sorab Bedi & Niharika Tiwari just delivered. Watch the official video everyone's talking about.",4,5,,,
39,video_relevance,V01,Sheesha (Official Music Video) | Mitta Ror ft. Swara Verma | Sorab Bedi | Niharika Tiwari,https://www.youtube.com/watch?v=aRNfSqsgrgE,Recreate this viral wedding look,The Sheesha video is trending for its stunning traditional outfits and jewelry. See the full style breakdown you can try.,3,2,,,
40,video_relevance,V01,Sheesha (Official Music Video) | Mitta Ror ft. Swara Verma | Sorab Bedi | Niharika Tiwari,https://www.youtube.com/watch?v=aRNfSqsgrgE,Sheesha — the viral hit is here,Sorab Bedi & Niharika Tiwari star in the official video everyone's talking about. Watch the full drop now.,4,5,,,
41,video_relevance,V01,Sheesha (Official Music Video) | Mitta Ror ft. Swara Verma | Sorab Bedi | Niharika Tiwari,https://www.youtube.com/watch?v=aRNfSqsgrgE,Sheesha — Viral Hit Dropped 🔥,The song everyone's been waiting for is finally here. Watch the official video that broke the internet.,4,5,,,
42,content_fidelity,V11,Splatoon Raiders — Release Date Revealed — Nintendo Switch 2,https://www.youtube.com/watch?v=Jaag4cVKOo8,Squid mechanic on Switch 2 👾,Splatoon Raiders revealed! Play as a squid mechanic on Nintendo Switch 2. Animal charm meets next-gen tech—perfect for you. Watch now.,4,5,,,
43,content_fidelity,V01,Sheesha (Official Music Video) | Mitta Ror ft. Swara Verma | Sorab Bedi | Niharika Tiwari,https://www.youtube.com/watch?v=aRNfSqsgrgE,The Viral Sheesha Music Video is Live,"The song that took over the internet now has an official video. Mitta Ror, Sorab Bedi & Niharika Tiwari make it unforgettable. Tap to watch!",5,4,,,
44,content_fidelity,V22,If you have potatoes and ground beef… make THIS for dinner!,https://www.youtube.com/watch?v=E4QTpcbV2_A,Game over for boring dinners,"Got potatoes & ground beef? This cheesy, one-pan bake is a total game-changer. Perfect comfort food after grinding levels. 🎮",4,5,,,
45,content_fidelity,V11,Splatoon Raiders — Release Date Revealed — Nintendo Switch 2,https://www.youtube.com/watch?v=Jaag4cVKOo8,Switch 2 Tech News: Splatoon Raiders Drops July 23,"A new single-player squid adventure for your Switch 2. Explore Spirhalite Island, splat foes, and hunt treasure. Pre-order today!",5,2,,,
46,content_fidelity,V11,Splatoon Raiders — Release Date Revealed — Nintendo Switch 2,https://www.youtube.com/watch?v=Jaag4cVKOo8,New Splatoon Raiders game revealed for Switch 2,"Release date just announced: July 23, 2026. See the first look at single-player ink-splatting treasure hunts on Spirhalite Island. Pre-orders open now.",4,5,,,
47,content_fidelity,V22,If you have potatoes and ground beef… make THIS for dinner!,https://www.youtube.com/watch?v=E4QTpcbV2_A,Got potatoes & ground beef? Make this!,"Turn those kitchen staples into a golden, cheesy layered bake with a secret creamy sauce. Easy comfort food that tastes gourmet—perfect for tonight’s dinner! 🥔🧀",5,4,,,
48,content_fidelity,V11,Splatoon Raiders — Release Date Revealed — Nintendo Switch 2,https://www.youtube.com/watch?v=Jaag4cVKOo8,Splatoon Raiders drops July 23!,Dive into a new single-player Splatoon adventure on Nintendo Switch 2. Join Deep Cut and hunt for treasure on Spirhalite Island. Pre-order today.,5,2,,,
49,content_fidelity,V01,Sheesha (Official Music Video) | Mitta Ror ft. Swara Verma | Sorab Bedi | Niharika Tiwari,https://www.youtube.com/watch?v=aRNfSqsgrgE,The Viral ‘Sheesha’ Gets Its Official Video,"Mitta Ror, Sorab Bedi & Niharika Tiwari unite for the song everyone's been talking about. Watch the full version now.",4,5,,,
50,content_fidelity,V22,If you have potatoes and ground beef… make THIS for dinner!,https://www.youtube.com/watch?v=E4QTpcbV2_A,Got potatoes & ground beef? Try this bake!,"Turn these staples into a cheesy, golden-layered dinner with a secret ingredient that makes it irresistible. Comfort food ready to impress your family.",4,5,,,
51,content_fidelity,V22,If you have potatoes and ground beef… make THIS for dinner!,https://www.youtube.com/watch?v=E4QTpcbV2_A,The Ultimate Comfort Meal for Gamers,"Fuel your late-night gaming with this cheesy beef & potato bake. Simple, hearty, and guaranteed to hit the spot. Tap to learn the secret ingredient!",4,2,,,
52,content_fidelity,V11,Splatoon Raiders — Release Date Revealed — Nintendo Switch 2,https://www.youtube.com/watch?v=Jaag4cVKOo8,New Splatoon Raiders trailer just dropped,"Splat enemies, hunt treasure, and explore Spirhalite Island solo. The adventure begins July 23 on Nintendo Switch 2. Watch now.",5,4,,,
53,content_fidelity,V01,Sheesha (Official Music Video) | Mitta Ror ft. Swara Verma | Sorab Bedi | Niharika Tiwari,https://www.youtube.com/watch?v=aRNfSqsgrgE,Viral hit gets a style-packed video,"Mitta Ror’s ‘Sheesha’ official music video is here, starring Sorab Bedi & Niharika Tiwari. Gorgeous visuals you’ll want to see.",4,5,,,
54,content_fidelity,V22,If you have potatoes and ground beef… make THIS for dinner!,https://www.youtube.com/watch?v=E4QTpcbV2_A,The post-game feast you deserve,"Make this cheesy potato & beef bake in one pan. Simple ingredients, epic flavor – it’s the perfect re-fuel after a long gaming session.",4,2,,,
55,content_fidelity,V22,If you have potatoes and ground beef… make THIS for dinner!,https://www.youtube.com/watch?v=E4QTpcbV2_A,Your new favorite potato & beef dinner awaits,"Golden, cheesy, and so easy—this layered bake hides a flavor secret you'd never guess. Perfect comfort food for tonight! Watch now.",4,5,,,
56,content_fidelity,V01,Sheesha (Official Music Video) | Mitta Ror ft. Swara Verma | Sorab Bedi | Niharika Tiwari,https://www.youtube.com/watch?v=aRNfSqsgrgE,Your new pump-up track 🏆,This viral Punjabi beat is perfect for your workout or game day. Watch the Sheesha music video now! 💥,4,2,,,
57,content_fidelity,V22,If you have potatoes and ground beef… make THIS for dinner!,https://www.youtube.com/watch?v=E4QTpcbV2_A,Transform Potatoes & Beef Tonight,"Discover the simple trick for a creamy, golden bake that tastes gourmet. Perfect for trying something new in the kitchen.",5,4,,,
58,content_fidelity,V01,Sheesha (Official Music Video) | Mitta Ror ft. Swara Verma | Sorab Bedi | Niharika Tiwari,https://www.youtube.com/watch?v=aRNfSqsgrgE,A viral music reset?,"Catch the official Sheesha video—festive colors, courtyard scenes, and a romantic hook in a quick watch.",5,4,,,
59,content_fidelity,V01,Sheesha (Official Music Video) | Mitta Ror ft. Swara Verma | Sorab Bedi | Niharika Tiwari,https://www.youtube.com/watch?v=aRNfSqsgrgE,Back for a quick music break?,"Step away from the headlines with “Sheesha”—a colorful official music video set around family, romance, and a viral hook.",5,4,,,
60,content_fidelity,V01,Sheesha (Official Music Video) | Mitta Ror ft. Swara Verma | Sorab Bedi | Niharika Tiwari,https://www.youtube.com/watch?v=aRNfSqsgrgE,Festive looks in Sheesha,"Festive outfit inspo meets a viral hook—watch Sheesha's official video with colorful suits, marigold decor, and romance.",4,5,,,
61,content_fidelity,V17,Why are ships painted red below the waterline?,https://www.youtube.com/watch?v=RC9PPrcyvpQ,Why ships are secretly red below water,"The real reason ships wear red paint beneath the waves involves shipworms, copper chemistry, and centuries of maritime engineering. Quick, fascinating watch — you'll never look at a harbor the same way.",5,4,,,
62,content_fidelity,V17,Why are ships painted red below the waterline?,https://www.youtube.com/watch?v=RC9PPrcyvpQ,Why ships have red bottoms,"You've seen it a thousand times but never knew why. The real reason ships are painted red below the waterline — explained in minutes, not hours.",5,4,,,
63,content_fidelity,V17,Why are ships painted red below the waterline?,https://www.youtube.com/watch?v=RC9PPrcyvpQ,Why ships are red underneath,"You’ve seen it a million times, but never wondered why. The real reason involves shipworms, copper, and a 500-year-old secret.",4,3,,,
64,content_fidelity,V17,Why are ships painted red below the waterline?,https://www.youtube.com/watch?v=RC9PPrcyvpQ,Why ships have red bottoms,"Not style. Not tradition. The real reason is wild: wood-eating worms, toxic chemistry, and a 300-year-old fix that still sails today.",5,2,,,
65,content_fidelity,V17,Why are ships painted red below the waterline?,https://www.youtube.com/watch?v=RC9PPrcyvpQ,Ever wonder why ships are red below water?,The real reason has nothing to do with looks. 3-min deep dive into maritime history and the science that saved centuries of ships.,5,2,,,
66,content_fidelity,V01,Sheesha (Official Music Video) | Mitta Ror ft. Swara Verma | Sorab Bedi | Niharika Tiwari,https://www.youtube.com/watch?v=aRNfSqsgrgE,Viral hit everyone's talking about 🔥,"The internet demanded it—now watch the official ""Sheesha"" video with the real stars. See why millions are still hooked.",4,5,,,
67,content_fidelity,V01,Sheesha (Official Music Video) | Mitta Ror ft. Swara Verma | Sorab Bedi | Niharika Tiwari,https://www.youtube.com/watch?v=aRNfSqsgrgE,The viral hit everyone's recreating,See how the original 'Sheesha' creators styled this music video. Behind-the-scenes looks and aesthetic moments inside.,3,2,,,
68,content_fidelity,V17,Why are ships painted red below the waterline?,https://www.youtube.com/watch?v=RC9PPrcyvpQ,Why ships are red underneath,"The real reason ships wear red paint below the waterline — a quick, fascinating dive into maritime science and history you'll actually finish.",5,4,,,
69,content_fidelity,V17,Why are ships painted red below the waterline?,https://www.youtube.com/watch?v=RC9PPrcyvpQ,Why ships wear red bottoms,Not style—survival. The real reason is a 300-year-old chemical secret hiding in plain sight. Tap to uncover the history.,5,4,,,
70,content_fidelity,V17,Why are ships painted red below the waterline?,https://www.youtube.com/watch?v=RC9PPrcyvpQ,Why ships have red bottoms,Quick 3-min watch: the real reason every cargo ship is painted red below the waterline. Maritime engineering meets surprising history.,5,4,,,
71,content_fidelity,V01,Sheesha (Official Music Video) | Mitta Ror ft. Swara Verma | Sorab Bedi | Niharika Tiwari,https://www.youtube.com/watch?v=aRNfSqsgrgE,Sheesha — the viral hit is here,Sorab Bedi & Niharika Tiwari star in the official video everyone's talking about. Watch the full drop now.,4,5,,,
72,content_fidelity,V01,Sheesha (Official Music Video) | Mitta Ror ft. Swara Verma | Sorab Bedi | Niharika Tiwari,https://www.youtube.com/watch?v=aRNfSqsgrgE,Sheesha — Viral Hit Dropped 🔥,The song everyone's been waiting for is finally here. Watch the official video that broke the internet.,4,5,,,
