# category<TAB>youtube_id  (auto top4 by view, dur>=181s, 2026-05-31)
Music	aRNfSqsgrgE
Music	RBaSiVjtKR4
Music	nUsrYVxrDwI
Music	dj_zUJNv_zc
Pets & Animals	WvqU4zzrfEI
Pets & Animals	4K1UUsk7HrM
Pets & Animals	6pP5QX_yhk4
Pets & Animals	6qZy-vcDlFw
Gaming	NyvItRTjM1Q
Gaming	pOfW-qdsvpU
Gaming	Jaag4cVKOo8
Gaming	tP7WlXbYJ74
News & Politics	Ww_IlwybvuE
News & Politics	Yi9Om38edak
News & Politics	Sus8_2S4azg
News & Politics	IqDfvo9dIAk
Education	RC9PPrcyvpQ
Education	yIh5doqvgTA
Education	FnFU97jaRkQ
Education	vP6DbSjjQ1E
Howto & Style	NEJvvAqEBAM
Howto & Style	E4QTpcbV2_A
Howto & Style	318EfJVgDZ0
Howto & Style	vsagKwsiLrM
Sports	FY8ASN1VV-8
Sports	1Z-18z2rhKU
Sports	_PT1fo0bMtI
Sports	F8L5LdUp4YQ
Science & Technology	oKjDeMtBZ4g
Science & Technology	f7UA1Hmg53Q
Science & Technology	gJYZE9UXiHk
Science & Technology	w7_yWjYyxjE
